{"cameraMode":{"drawMode":0,"name":"Shaded","section":"Shading Mode"},"sceneLighting":false,"audioPlay":false,"sceneViewState":{"showFog":true,"showMaterialUpdate":false,"showSkybox":false,"showFlares":true,"showImageEffects":true,"showParticleSystems":true},"in2DMode":false,"pivot":{"x":6.720634460449219,"y":51.43629455566406,"z":-58.71028137207031},"rotation":{"x":0.004219599533826113,"y":-0.9425863027572632,"z":0.3339569866657257,"w":0.011894983239471913},"size":119.29169464111328,"orthographic":true}