{"cameraMode":{"drawMode":0,"name":"Shaded","section":"Shading Mode"},"sceneLighting":false,"audioPlay":false,"sceneViewState":{"showFog":true,"showMaterialUpdate":false,"showSkybox":false,"showFlares":true,"showImageEffects":true,"showParticleSystems":true},"in2DMode":false,"pivot":{"x":-8.979366302490235,"y":49.93629455566406,"z":-72.61028289794922},"rotation":{"x":-0.41183924674987795,"y":-0.014501494355499745,"z":0.006541701965034008,"w":-0.9111843109130859},"size":48.49643325805664,"orthographic":true}