{"cameraMode":{"drawMode":0,"name":"Shaded","section":"Shading Mode"},"sceneLighting":false,"audioPlay":false,"sceneViewState":{"showFog":true,"showMaterialUpdate":false,"showSkybox":false,"showFlares":true,"showImageEffects":true,"showParticleSystems":true},"in2DMode":false,"pivot":{"x":10.760000228881836,"y":0.0517352819442749,"z":-5.63936710357666},"rotation":{"x":0.08202917873859406,"y":-0.0955289900302887,"z":0.007889481261372567,"w":0.9920214414596558},"size":3.333601236343384,"orthographic":true}