{"cameraMode":{"drawMode":0,"name":"Shaded","section":"Shading Mode"},"sceneLighting":false,"audioPlay":false,"sceneViewState":{"showFog":true,"showMaterialUpdate":false,"showSkybox":false,"showFlares":true,"showImageEffects":true,"showParticleSystems":true},"in2DMode":false,"pivot":{"x":384.51226806640627,"y":204.10000610351563,"z":51.105072021484378},"rotation":{"x":-0.04438531771302223,"y":0.0020907025318592788,"z":-0.00009284281986765563,"w":-0.9990161657333374},"size":774.0867309570313,"orthographic":true}