{"cameraMode":{"drawMode":0,"name":"Shaded","section":"Shading Mode"},"sceneLighting":false,"audioPlay":false,"sceneViewState":{"showFog":true,"showMaterialUpdate":false,"showSkybox":false,"showFlares":true,"showImageEffects":true,"showParticleSystems":true},"in2DMode":false,"pivot":{"x":-9.420000076293946,"y":0.0517352819442749,"z":-7.73936653137207},"rotation":{"x":0.045435063540935519,"y":-0.9521039724349976,"z":0.246662437915802,"w":0.1753384917974472},"size":11.859374046325684,"orthographic":true}