{"cameraMode":{"drawMode":0,"name":"Shaded","section":"Shading Mode"},"sceneLighting":false,"audioPlay":false,"sceneViewState":{"showFog":true,"showMaterialUpdate":false,"showSkybox":false,"showFlares":true,"showImageEffects":true,"showParticleSystems":true},"in2DMode":false,"pivot":{"x":10.760000228881836,"y":0.0517352819442749,"z":-5.63936710357666},"rotation":{"x":-0.037327103316783908,"y":0.09339098632335663,"z":-0.0035038255155086519,"w":-0.9949266314506531},"size":3.333601236343384,"orthographic":true}