{"cameraMode":{"drawMode":0,"name":"Shaded","section":"Shading Mode"},"sceneLighting":false,"audioPlay":false,"sceneViewState":{"showFog":true,"showMaterialUpdate":false,"showSkybox":false,"showFlares":true,"showImageEffects":true,"showParticleSystems":true},"in2DMode":false,"pivot":{"x":4.4900054931640629,"y":1.0545387268066407,"z":52.045631408691409},"rotation":{"x":-0.037327103316783908,"y":0.09339098632335663,"z":-0.0035038255155086519,"w":-0.9949266314506531},"size":774.0867309570313,"orthographic":true}