{"cameraMode":{"drawMode":0,"name":"Shaded","section":"Shading Mode"},"sceneLighting":false,"audioPlay":false,"sceneViewState":{"showFog":true,"showMaterialUpdate":false,"showSkybox":false,"showFlares":true,"showImageEffects":true,"showParticleSystems":true},"in2DMode":false,"pivot":{"x":4.690000057220459,"y":0.05454063415527344,"z":4.010000228881836},"rotation":{"x":-0.26527512073516848,"y":-0.012445013970136643,"z":0.003428954863920808,"w":-0.9641295671463013},"size":11.419342994689942,"orthographic":true}