{"cameraMode":{"drawMode":0,"name":"Shaded","section":"Shading Mode"},"sceneLighting":false,"audioPlay":false,"sceneViewState":{"showFog":true,"showMaterialUpdate":false,"showSkybox":false,"showFlares":true,"showImageEffects":true,"showParticleSystems":true},"in2DMode":false,"pivot":{"x":-8.133170127868653,"y":2.807194709777832,"z":5.460633277893066},"rotation":{"x":0.07491946220397949,"y":-0.02061864733695984,"z":0.0015305831329897047,"w":0.9970599412918091},"size":3.333601236343384,"orthographic":true}