{"cameraMode":{"drawMode":0,"name":"Shaded","section":"Shading Mode"},"sceneLighting":false,"audioPlay":false,"sceneViewState":{"showFog":true,"showMaterialUpdate":false,"showSkybox":false,"showFlares":true,"showImageEffects":true,"showParticleSystems":true},"in2DMode":false,"pivot":{"x":11.52032470703125,"y":0.0517352819442749,"z":7.130000114440918},"rotation":{"x":0.07491946220397949,"y":-0.02061864733695984,"z":0.0015305831329897047,"w":0.9970599412918091},"size":3.4504318237304689,"orthographic":true}