{"cameraMode":{"drawMode":0,"name":"Shaded","section":"Shading Mode"},"sceneLighting":false,"audioPlay":false,"sceneViewState":{"showFog":true,"showMaterialUpdate":false,"showSkybox":false,"showFlares":true,"showImageEffects":true,"showParticleSystems":true},"in2DMode":false,"pivot":{"x":393.4888000488281,"y":204.1300048828125,"z":98.47318267822266},"rotation":{"x":-0.04498199373483658,"y":-0.011395685374736786,"z":0.0005128061748109758,"w":-0.9989281892776489},"size":247.02731323242188,"orthographic":false}