{"cameraMode":{"drawMode":0,"name":"Shaded","section":"Shading Mode"},"sceneLighting":false,"audioPlay":false,"sceneViewState":{"showFog":true,"showMaterialUpdate":false,"showSkybox":false,"showFlares":true,"showImageEffects":true,"showParticleSystems":true},"in2DMode":false,"pivot":{"x":0.3806118965148926,"y":0.05454063415527344,"z":-0.4428061544895172},"rotation":{"x":0.14970241487026215,"y":-0.3874083459377289,"z":0.06391216814517975,"w":0.9074360728263855},"size":3.060303211212158,"orthographic":true}