{"cameraMode":{"drawMode":0,"name":"Shaded","section":"Shading Mode"},"sceneLighting":true,"audioPlay":false,"sceneViewState":{"showFog":true,"showMaterialUpdate":false,"showSkybox":true,"showFlares":true,"showImageEffects":true,"showParticleSystems":true},"in2DMode":false,"pivot":{"x":441.1075744628906,"y":208.48583984375,"z":-5.008813858032227},"rotation":{"x":0.07491946220397949,"y":-0.02061864733695984,"z":0.0015305831329897047,"w":0.9970599412918091},"size":521.4625854492188,"orthographic":true}