{"cameraMode":{"drawMode":0,"name":"Shaded","section":"Shading Mode"},"sceneLighting":false,"audioPlay":false,"sceneViewState":{"showFog":true,"showMaterialUpdate":false,"showSkybox":false,"showFlares":true,"showImageEffects":true,"showParticleSystems":true},"in2DMode":false,"pivot":{"x":0.3806118965148926,"y":0.3100000023841858,"z":-0.4428061246871948},"rotation":{"x":0.1291472464799881,"y":0.12164537608623505,"z":-0.0159890279173851,"w":0.9840309619903565},"size":18.16008758544922,"orthographic":true}