{"cameraMode":{"drawMode":0,"name":"Shaded","section":"Shading Mode"},"sceneLighting":false,"audioPlay":false,"sceneViewState":{"showFog":true,"showMaterialUpdate":false,"showSkybox":false,"showFlares":true,"showImageEffects":true,"showParticleSystems":true},"in2DMode":false,"pivot":{"x":0.3806118965148926,"y":0.05454063415527344,"z":-0.4428061544895172},"rotation":{"x":0.19042901694774629,"y":-0.13645526766777039,"z":0.026738319545984269,"w":0.9718133807182312},"size":3.060303211212158,"orthographic":true}