{"cameraMode":{"drawMode":0,"name":"Shaded","section":"Shading Mode"},"sceneLighting":false,"audioPlay":false,"sceneViewState":{"showFog":true,"showMaterialUpdate":false,"showSkybox":false,"showFlares":true,"showImageEffects":true,"showParticleSystems":true},"in2DMode":false,"pivot":{"x":0.3799999952316284,"y":0.3819999694824219,"z":-0.021000012755393983},"rotation":{"x":0.0799308642745018,"y":-0.6977794766426086,"z":0.07883066684007645,"w":0.7074718475341797},"size":2.8578836917877199,"orthographic":true}