{"cameraMode":{"drawMode":0,"name":"Shaded","section":"Shading Mode"},"sceneLighting":false,"audioPlay":false,"sceneViewState":{"showFog":true,"showMaterialUpdate":false,"showSkybox":false,"showFlares":true,"showImageEffects":true,"showParticleSystems":true},"in2DMode":false,"pivot":{"x":170.78860473632813,"y":32.84083938598633,"z":221.07061767578126},"rotation":{"x":0.010746986605226994,"y":-0.9756107926368713,"z":0.21407075226306916,"w":0.0489376038312912},"size":119.29169464111328,"orthographic":true}