{"cameraMode":{"drawMode":0,"name":"Shaded","section":"Shading Mode"},"sceneLighting":false,"audioPlay":false,"sceneViewState":{"showFog":true,"showMaterialUpdate":false,"showSkybox":false,"showFlares":true,"showImageEffects":true,"showParticleSystems":true},"in2DMode":false,"pivot":{"x":-43.458866119384769,"y":66.8578872680664,"z":-92.30170440673828},"rotation":{"x":-0.4763792157173157,"y":-0.0034348880872130396,"z":0.0018649206031113864,"w":-0.8793063759803772},"size":7.348522186279297,"orthographic":true}