{"cameraMode":{"drawMode":0,"name":"Shaded","section":"Shading Mode"},"sceneLighting":false,"audioPlay":false,"sceneViewState":{"showFog":true,"showMaterialUpdate":false,"showSkybox":false,"showFlares":true,"showImageEffects":true,"showParticleSystems":true},"in2DMode":false,"pivot":{"x":396.5520935058594,"y":203.57412719726563,"z":2.5785164833068849},"rotation":{"x":-0.0014681658940389753,"y":-0.20493577420711518,"z":-0.00030740699730813503,"w":0.9787750840187073},"size":7.572229862213135,"orthographic":false}