{"cameraMode":{"drawMode":0,"name":"Shaded","section":"Shading Mode"},"sceneLighting":false,"audioPlay":false,"sceneViewState":{"showFog":true,"showMaterialUpdate":false,"showSkybox":false,"showFlares":true,"showImageEffects":true,"showParticleSystems":true},"in2DMode":false,"pivot":{"x":388.3906555175781,"y":202.0,"z":-4.339366436004639},"rotation":{"x":0.0207518357783556,"y":0.1523716151714325,"z":-0.003212464740499854,"w":0.9881138801574707},"size":602.6256713867188,"orthographic":true}